number,incident_state,active,reassignment_count,reopen_count,sys_mod_count,made_sla,caller_id,opened_by,opened_at,sys_created_by,sys_created_at,sys_updated_by,sys_updated_at,contact_type,location,category,subcategory,u_symptom,cmdb_ci,impact,urgency,priority,assignment_group,assigned_to,knowledge,u_priority_confirmation,notify,problem_id,rfc,vendor,caused_by,close_code,resolved_by,resolved_at,closed_at,resolution_steps
INC490075,Awaiting Vendor,True,5,3,3,True,98fbe3b5-ca73-49e8-a8fa-3abc88f847c2,ef126082-80e0-430a-80a0-76ca99c3b0a2,2025-02-02 22:53:47,522671f6-84c9-4ce8-b611-cf4903a86114,2025-02-02 22:53:47,0b6e513e-c568-44ef-aefa-9e62c70d43f9,2025-01-06 19:07:47,Self-Service,Lamborough,Banking Front Desk,ATM Malfunction,Gas phone picture vote plan left.,e0fb6315-2d4f-464f-ad46-966ca0329ef1,1,3,3,Customer Support,93dfc3b5-9b10-4437-a68e-dbe19168451b,False,False,SMS,,a1470995-dc22-4c6c-82b5-f51d0895a7c5,,4dbe61d0-b334-4beb-92e3-110b00e73faa,Solved (Permanently),,,,
INC445071,Cancelled,True,5,3,8,True,10f2b844-02b0-4066-90f4-aafe2a7ebcf6,57af2e1f-b15d-4697-b769-216beda629d6,2025-02-02 12:50:07,894a73f1-3671-4d9c-af76-4796709df909,2025-02-02 12:50:07,873dcc67-d981-440f-9fc3-b7318f0ae422,2025-02-28 06:35:45,Chatbot,South Christopher,Banking Front Desk,ATM Malfunction,Yard take paper price we.,,1,2,2,Customer Support,36a563ce-ca50-4097-a3a6-cadc31cfdb09,True,True,None,,,,,Cancelled,,,,
INC737841,New,False,0,0,6,False,fb31717f-9dbb-436f-a6fd-3b3caca8dbb0,8a77c579-6cc3-4d5d-9cea-3e9e01681751,2025-02-16 18:45:20,b3df3f22-7815-4a00-a437-8f5f0e795058,2025-02-16 18:45:20,23eeabd0-9943-4320-b908-1a3b2ef54109,2025-01-20 14:53:41,Email,New Gabrielle,Banking Front Desk,ATM Malfunction,Effort open ground customer.,,2,3,2,Branch Operations,4367c12d-ba6d-48a4-9a7b-9950fce7a05e,True,True,None,74f2028b-6b0d-4e66-9377-a9cc2b66fe70,,,,Cancelled,,,,
INC319449,On Hold,False,0,3,6,False,1b9e9f26-4289-4eee-befd-50d75e0c9017,d3ab64f3-7bf6-464d-bd39-127fb61267cf,2025-02-28 06:44:20,f2392865-9c08-4ae1-9022-a32c11298bd2,2025-02-28 06:44:20,158c742a-ef79-4d28-8957-50ef0b930c4f,2025-02-17 19:03:09,Walk-in,East Bethhaven,IT Changes,Network Configuration,Your information five development show.,,1,2,1,Network Operations,217e5b35-109d-477a-9ef2-6eef126e6816,True,False,None,91a0c302-d0b7-4e9d-b0d5-5cdcbb5ba2df,,Rasmussen PLC,2bc3cdd9-8e94-47cc-ba03-ee501fe595cd,Solved (Workaround),c60cdc77-ae83-4228-bfc5-9e949842fa14,2025-03-07 08:14:09,2025-03-19 13:53:44,Building center language result feel rise down. Body must line against person close lot.
INC536007,Cancelled,False,5,1,8,False,048fd47d-792d-44a5-8fea-5cbeb7c3c03b,8add1a94-9fea-4369-bf72-6604544ff31c,2025-01-09 00:37:55,306552b9-bf68-4a4c-a9cc-6e955c6becb0,2025-01-09 00:37:55,32d88796-643b-4132-9ecb-1686b0c3c3a0,2025-02-23 18:23:22,Chatbot,Lake Tammyville,Banking Front Desk,Transaction Dispute,Young nature standard need.,f49b8e29-879d-4183-a0b0-167bc9e7cbf8,2,1,3,Branch Operations,5588d21d-aedc-4235-b4cc-412b99a47f82,False,True,Push Notification,,b9686790-9df6-4cba-8fac-a78472038a3e,Martin-Stevens,0faeb5be-4b78-422d-835c-6cc112624408,Solved (Workaround),cebb7e72-378e-4ae0-87e0-3b86e44b9d77,2025-02-04 19:17:38,2025-02-16 08:55:31,Those let wind if network human tax where. Democratic trip very interview rather race bit. Mrs raise respond control once physical up ready.
INC616051,On Hold,False,4,3,8,True,fef0d23b-aa33-4bbc-a66e-2e2cf887b0ce,210b7547-69b9-465f-b598-68a4c2cb918b,2025-01-28 14:52:53,7f8aacb8-9f97-4c51-8b57-156e54ec3f52,2025-01-28 14:52:53,40f68468-d412-4c9d-8646-7fb3f509aaf9,2025-01-05 06:40:08,Chatbot,Ellishaven,Banking Front Desk,ATM Malfunction,Former there choose but.,,3,1,2,Customer Support,5a5d5ddc-f05e-4797-9367-5318e73ed1b5,False,False,None,,1582299e-111c-47a6-915f-8c13ca0d8b27,Estrada-Kaiser,3dcb9c94-cbba-4a9b-b1d0-268ec923a9d9,Solved (Permanently),7aa9025e-dee5-416d-9d98-cdd577afd353,2025-02-17 04:42:56,2025-03-16 18:17:26,Never next include bed. Put reach ask door.
INC995953,Closed,False,2,3,5,True,1674ad58-2d94-42ad-8d2c-7aec3f545ca0,92218c62-0385-4bfd-9a23-c634958782a1,2025-01-29 10:21:25,39940f0f-ac5e-4f8b-ae40-bc0fa36ea8bd,2025-01-29 10:21:25,1fe7ed91-0087-4243-8a79-8b7b6d311ea1,2025-02-05 13:30:19,Walk-in,Tuckerhaven,IT Changes,Patch Deployment,Assume statement top during wall old level night.,,1,3,3,Network Operations,64320de0-6a51-4874-903a-9a1578f0a5d3,True,False,Push Notification,267033e7-6ef7-418b-b786-85fd1eadffd0,,Miller-Green,,Not Reproducible,e8cbc644-e628-401e-8aac-0b290f5478e0,2025-02-28 02:02:11,2025-03-16 14:29:48,Same feel onto course wind pass prepare. Short quite central health.
INC307354,Awaiting Vendor,False,3,1,15,False,b630ec0a-e5bd-4ed6-9401-4ffc2954fd51,e048cce5-10a9-47cb-a1db-8dff702ceaa2,2025-02-21 04:38:35,5165370d-e55f-48d3-8b41-92f0bab5cb4b,2025-02-21 04:38:35,401900cf-bb72-4e25-8d01-f9881bd0fd51,2025-03-12 05:27:33,Chatbot,Port Markton,Banking Front Desk,Transaction Dispute,Stage radio protect condition.,,2,3,1,Branch Operations,46805462-3286-4963-b3ff-400bd010a2b6,False,False,SMS,66fc5b63-c8be-441c-af82-b49a74a336f1,d3119fce-5994-4581-9c96-7124d65af872,"Murphy, Bryant and Allen",,Solved (Workaround),,,,
INC641836,In Progress,False,0,0,2,False,a0617f5b-2387-4bea-a157-4a3ba50641ad,9c7efff6-491f-453c-a3bb-b7d40cba0a0e,2025-01-12 07:28:46,b74d8a99-523c-4ec1-b258-635f9fb807ac,2025-01-12 07:28:46,fee3c416-89f9-4efd-822f-21334da9353d,2025-03-09 20:40:12,Walk-in,Luisview,Banking Front Desk,Loan Processing Delay,Suffer simply from admit play agreement still.,fb42a355-cbc4-4f41-94bd-df1bcc4b73fc,3,1,3,Fraud Investigation,8b6b0759-4ebd-4aea-9391-a71195a0af9d,False,False,SMS,249b0f9b-fc0a-4347-8088-c596d0ef4f63,e1e83a9c-4fd0-48ce-b596-6dab5a2ba698,Mitchell Group,271e5e2a-659c-41a7-99bb-55c34583125f,Not Reproducible,,,,
INC868259,On Hold,False,1,3,13,False,bad4a1f4-81f4-412b-b40f-c14d6868ac0f,656db64c-fb1c-4b05-bb07-bb83c4e53efd,2025-01-17 05:10:39,75635afc-8a33-4eba-8a4c-b253fb0d587b,2025-01-17 05:10:39,a83c43c5-1d2a-4fb1-896d-f9d9041714c5,2025-01-07 18:29:29,Self-Service,New David,IT Changes,Patch Deployment,Phone effort color situation top business.,86e295c4-4668-4619-985e-75ffc9aa6c17,1,3,2,IT Change Management,4d426e8b-5ef9-4833-befd-7feb3f236703,False,False,SMS,,a44448e8-8394-4aa7-bed1-4685cf269a30,Dunn Inc,,Cancelled,,,,
INC677823,On Hold,True,3,2,5,False,4ac2e5fe-6793-4e88-b2d7-65a26746386c,94fbc037-b164-472b-be5d-e10489bb7675,2025-01-03 22:45:40,74bb4ea2-a783-4e35-856c-a939760b01ae,2025-01-03 22:45:40,9a9adc44-d54e-4951-9e27-8778abb95e6f,2025-02-13 21:41:35,Chatbot,Heidihaven,Banking Front Desk,ATM Malfunction,Should medical himself moment benefit throughout.,10b2a636-1973-49a6-80ed-f4940ecd19ae,1,3,1,Customer Support,251ea47b-0273-4e6f-a264-02b23958c50b,True,True,Email,,,,4d483faa-c556-4c76-b71c-9f108f0f0a59,Not Reproducible,dadaf7ea-5e69-4908-a3c7-fde28710cdbb,2025-01-21 01:25:17,2025-02-06 00:19:56,Fall reveal join. Bad significant party hotel able. Idea across whom investment about peace rule. Economy card seem look learn.
INC214501,Closed,False,5,2,8,True,183e9244-d59f-45ec-8e72-203e8f4451fe,da92aaa4-b2ed-4cfe-8888-56685259899a,2025-02-21 10:09:49,037d4de0-e9fe-419b-89e7-a17e3f57c948,2025-02-21 10:09:49,2dbe188d-86c9-4f9d-a99c-db1c889dacb6,2025-02-23 08:37:48,Self-Service,Robinshire,IT Changes,Network Configuration,Until television hope foreign feel either beautiful.,333a191e-9b80-4f70-bf85-4ace384c5725,1,2,2,Security Team,61db7312-9fdb-4c38-a408-152a4c987451,False,True,Email,f6939325-d396-486c-8ba3-e5cbf3baa7ff,941ce7f8-ad1a-4225-bf99-3d6fe8b6ecb0,,,Solved (Permanently),,,,
INC613161,Cancelled,False,5,1,1,False,52b8b21d-ac31-404b-b1b7-fe3cc35e7904,65afc510-c8bb-48c3-b254-46d5c2f0482c,2025-01-16 03:32:13,94b2d4cf-6acf-4dc0-9306-5cce40eafcd4,2025-01-16 03:32:13,b6ed1709-5fda-40f3-87bd-3b822f28e0f9,2025-02-24 01:11:39,Phone,New Amy,Banking Front Desk,Loan Processing Delay,Approach media audience physical might beyond there budget.,8a537053-1ddd-4277-af43-e15d10b9a6f4,3,2,2,Branch Operations,9c1e2840-9909-480f-b5cf-09c8b776c481,True,True,SMS,7ca6b5dc-5e85-4248-9fdd-5c9982f175ae,185b2bde-b479-433e-96b7-94b2dbbeded0,Jefferson-Murray,15eee2a8-8031-45b5-9b94-17008249a767,Cancelled,,,,
INC755348,Closed,True,0,2,14,True,312e0a48-569f-40b5-b5d8-3041ae248161,f8730bae-8c60-4292-8d0e-0f59f30c1dab,2025-03-05 04:14:21,ed896ae8-2f64-4e28-a08f-37b83f1dbe1d,2025-03-05 04:14:21,5436ef70-4aad-46af-94bf-0b8073ce82b2,2025-01-20 04:28:59,Walk-in,Markfort,IT Changes,Security Update,Road court report possible politics identify less sense.,11dbfa6c-e846-42c7-a4cb-01c9054e0de1,1,1,1,Network Operations,8a0006f8-087b-463d-b7ad-870feb98920d,True,True,Push Notification,6c3a87f2-3f30-4a8c-9605-4ce7d5dad96d,,,,Cancelled,,,,
INC751428,Closed,False,4,2,1,False,121d6105-698f-45a5-b5d3-5021e1cf5233,c938af62-3f4e-4a7b-ace8-baa761e46faa,2025-03-02 19:09:35,8f73909f-790a-4535-bc94-f4ff19c27d71,2025-03-02 19:09:35,44a7a9d5-6cec-4da0-9c35-a817485b4b5e,2025-03-16 06:51:23,Self-Service,Lake Timothy,Banking Front Desk,Transaction Dispute,Benefit he claim red manage.,c3d78dfc-ad0f-46fb-9b76-40e35dcf5dfd,3,2,2,Customer Support,61fa771d-a460-40f0-8fb5-379e97e0db14,False,False,Email,30d1b322-2665-44e6-b254-c1a4739610da,8ddb5ab5-df34-422a-bcf5-6d5767e0cd6d,,,Not Reproducible,9dddad11-e00b-489a-90e7-50b82ba67159,2025-03-07 14:46:22,2025-03-11 06:53:56,Hot political close husband toward. Company guy media like indeed stock. Short onto detail they bar contain.
INC864527,Closed,False,2,1,10,False,56445122-213d-4352-8244-57a25b0c5d06,5399dc4f-6d7a-4c72-b4dd-d63541a618f7,2025-03-16 00:12:16,1e92d997-c538-4899-9ef9-4fe7b7da47ec,2025-03-16 00:12:16,337fdd72-a092-4d2d-a454-f3cd6348c04e,2025-02-17 04:23:55,Email,West Felicia,IT Changes,Security Update,Coach operation role eat soon really provide.,274dd8cb-e0ca-4371-b5dd-23056147d982,3,2,3,Network Operations,79f71e4b-23e4-4584-ba6f-3b3450799ea7,True,False,Push Notification,69af747d-d155-4cc3-acda-2b4ee0ccd6aa,be7170f8-cd17-4be9-8982-84d98c630023,,5f82b650-49a8-493b-8149-466e9b552e35,Cancelled,36122043-767d-4d1a-a939-2d55e7eb94b3,2025-03-21 09:13:53,2025-03-21 09:29:02,Evidence join camera side design work remain. Few human line word. World go common how best.
INC246092,New,True,4,2,14,True,3f4c6f57-b78c-4206-ae06-4f27df083a02,dfc065b5-0d13-4027-9e51-5eb700524203,2025-03-08 13:35:48,298514e5-b499-4a82-a67f-299d2257cc90,2025-03-08 13:35:48,7478e207-97cf-45dc-bd48-d048bab88b33,2025-03-18 01:38:43,Chatbot,Lake Heather,Banking Front Desk,Transaction Dispute,Standard mention resource morning soldier much.,,3,1,3,Branch Operations,d26df4b5-7045-4bf3-8fce-5b8a0700b826,True,True,SMS,,ccedf7c7-385e-476b-ab53-9ca18f32c32d,,,Cancelled,ffd798e8-658e-43f1-9bc2-20fb2e7ee12b,2025-03-15 14:19:30,2025-03-20 14:27:11,Hundred class plan dinner worker. Their act source have Mrs traditional relate.
INC457039,New,False,1,1,10,False,33ce8945-862f-42d7-89f2-6aa170522f2c,65720d55-5ee4-4121-856d-204667264f53,2025-01-20 21:01:43,6d5099d3-26eb-4d23-84e9-08feed127a35,2025-01-20 21:01:43,c4ec9284-64c4-4518-8d96-b308d7b1dd82,2025-03-10 11:48:57,Self-Service,Thomasside,IT Changes,Network Configuration,Behavior it main indeed national never.,7308b9ab-56f7-4557-98e0-fb4803bb7444,2,1,2,Security Team,600e671c-23dd-4713-ad78-a686939bbd27,True,True,Push Notification,,2a0a5e27-995b-46d0-b9a9-c99a042cc70e,,9fe4729f-1de8-4d7c-960f-dd5d796d97cb,Not Reproducible,ba0da7b2-7db8-4fb6-8623-f49b75d65dec,2025-02-28 09:37:53,2025-03-05 00:22:33,Art whom only enjoy investment. Often also assume around. Performance yes wear raise.
INC939180,On Hold,False,1,3,5,False,f946f624-4cb2-4033-a07c-884e21f1c3c8,86f6b1aa-408a-4e08-a1c5-4926957d088e,2025-01-11 11:32:30,612dbb2e-c73b-4110-801a-791d8a98aea7,2025-01-11 11:32:30,a5febdab-82f5-40b6-ba18-06c5832dfcda,2025-01-10 06:25:56,Self-Service,North Mitchell,IT Changes,Patch Deployment,Occur per bag have Democrat dark.,,3,1,3,IT Change Management,bcbb0c27-caf7-4541-acb3-78cebad87c03,False,False,SMS,,002342e6-5135-4c97-a402-ca2075ce7be7,Thompson-Boyd,,Solved (Workaround),147d9b5c-c712-4510-9275-e0817c7bbfd7,2025-02-20 17:15:23,2025-02-20 22:58:37,Role ability difficult tree somebody. Agree television operation least account close. Suffer police president doctor play subject item.
INC808388,On Hold,False,3,0,11,True,7689bd4f-d0db-4d9b-add4-5eee5c70804d,23b37ffc-6fcb-43c5-953d-9fe50e189db3,2025-01-24 22:06:32,d928e0a9-71af-4ceb-9f31-f819329a682a,2025-01-24 22:06:32,26d86bc5-78dd-4d3f-abe6-a6792ef41101,2025-03-04 08:02:30,Email,Hansenshire,IT Changes,Software Upgrade,Color want person miss both.,70addae4-8ccb-4d41-9ee8-ae924e604540,2,3,3,IT Change Management,262228b0-d0bf-41ab-9d3d-a9226af83d32,False,False,None,,dc522604-903b-4711-9b6c-6dcfcce4aef0,,,Solved (Workaround),,,,
INC360542,Awaiting Vendor,False,5,2,9,True,a59bca20-a6ba-40cf-8de9-53944d57db90,48ae8d01-91b9-4f96-bb97-b7372178b3d7,2025-01-04 02:04:27,560840a8-5b50-4624-b71c-c3aea74bff54,2025-01-04 02:04:27,1936c621-deba-400a-8623-eaac3552527d,2025-02-20 07:03:39,Walk-in,Parksview,IT Changes,Patch Deployment,Start fly article reality instead Mrs.,5fd320df-61b2-4618-a742-40d0a700bf04,2,3,1,Security Team,88edf94e-3757-4706-8a7a-cbb21e9290c9,True,True,SMS,,,,98dd97d3-57bb-4f50-8a79-3d9234e1102f,Not Reproducible,,,,
INC929342,Awaiting Vendor,False,1,1,5,False,6a16e43a-e139-4a66-80ac-d7b35bd5694c,4628cd5d-2a91-401a-a027-919af2d00c05,2025-02-23 04:39:09,c5eaccc9-f8cf-4e6b-9ca5-d7872f2d9b8a,2025-02-23 04:39:09,f7dbee76-d993-4f48-b402-0c825a412809,2025-03-01 23:08:21,Walk-in,East Jason,Banking Front Desk,Transaction Dispute,Open heavy turn prove.,,3,1,3,Customer Support,a977fb29-f938-4a9d-a4ea-7cacd206d89a,False,True,Email,79053296-be31-4c2e-9eb2-586d016497e7,d61b0f40-254f-430b-bed4-c71e9366f285,"Rodriguez, Miller and Cole",,Cancelled,914247a8-c7d6-4dc6-ba6f-109838bf3c24,2025-03-01 01:52:06,2025-03-19 00:11:48,Between create together reveal. Deal what air win west network second. Discuss for edge.
INC554838,Awaiting Vendor,False,3,1,9,True,14f899f3-3519-4c2e-96a9-7bf058bf942c,63d4f874-3cbd-4185-8f5b-f676b78ee03d,2025-03-14 22:59:52,25e96a6c-cae3-45fe-ba53-8ce3777dd9e7,2025-03-14 22:59:52,908cf5e7-d430-4ba0-98e8-a17e7c017fab,2025-02-19 05:06:22,Self-Service,Brownborough,IT Changes,Patch Deployment,Available catch certain official theory.,,1,1,3,Network Operations,01eda037-3c45-4c8b-ac0e-de2d9900f7c5,True,True,Push Notification,94a86655-8aac-400a-ab96-99886e8aaea5,090aec09-707e-44b6-99bc-17c7e199a007,Conner LLC,6bd1c359-1e7e-41f7-8aed-c2e7d66f2bf1,Cancelled,,,,
INC517092,On Hold,False,3,2,2,True,9b630b31-4889-46e3-b0d2-511ed34abdf4,ba94362a-b28a-41b2-ad50-a4bb32601cf0,2025-01-02 10:32:40,4d0df74e-5d53-4001-a55e-6ac4695e5316,2025-01-02 10:32:40,e4860b69-b7cc-4678-ac0a-ae14edaff17a,2025-01-29 18:57:28,Phone,New Karen,Banking Front Desk,ATM Malfunction,Else case subject letter drop.,653b0951-1a69-4614-a389-4b834f9da683,2,3,1,Customer Support,f7ee74c0-2a3c-4fda-acd6-ba39eb90b23b,False,False,None,,,Avila Inc,,Solved (Permanently),564d4a95-f7ec-4d3b-bb41-25c7f8a9d37f,2025-03-16 09:57:12,2025-03-16 19:28:16,Part food official. Then nation left either land court bag leader.
INC510735,Awaiting Vendor,True,1,3,2,True,2555bbca-636c-4eda-bbf1-2caf930f50f4,6833c693-46b5-4ed7-9a96-031c3e6143a4,2025-01-11 17:32:29,0f231f2d-97a5-4b88-ab6b-47a4911dc8ef,2025-01-11 17:32:29,72eb5103-9286-4aff-b4d1-02ca8117a560,2025-02-10 19:38:21,Chatbot,West Patriciaborough,Banking Front Desk,Transaction Dispute,If study quickly central edge.,,3,2,2,Customer Support,5b3dadde-b79d-44b2-9a85-f984d5974d7b,True,False,Push Notification,dbd15cc2-536d-4366-a0b0-699ba01964be,,,,Solved (Workaround),82569d36-4644-4e01-abf2-0aaf92ee4fb0,2025-03-18 17:32:16,2025-03-19 07:02:40,Would often opportunity hotel. Skill visit scientist nearly fish career. Mouth level sea who Mr.
INC112653,Awaiting Vendor,False,0,2,2,True,a2a5b293-7f15-4d9d-9952-742c5ee65e66,65313b40-e1ae-4a4e-9d9c-5ef45223ca31,2025-01-14 19:45:54,2dae8c8e-0c3b-4cf4-800f-ea40d039516e,2025-01-14 19:45:54,9c4c9391-652f-4d2c-82e3-3ff9cb3a89d6,2025-03-07 10:59:39,Self-Service,Jacksontown,IT Changes,Security Update,Water save important he political parent.,375b1877-c56a-44e3-963d-3a0bc5906898,1,1,2,IT Change Management,9ec75db1-a033-46c0-a959-e2d2d8c21469,True,False,Push Notification,a45d97ab-6dc7-49e2-bbec-4abb1d4ca995,,"Lee, Stewart and Thomas",c554c82d-288b-4df4-8515-d2683eef24d7,Solved (Permanently),232c6b92-a5c0-4052-ba94-2830c9249eb3,2025-03-21 08:37:52,2025-03-21 09:14:02,Risk source since we single. Investment family also than population owner coach control.
INC163321,In Progress,True,4,0,10,False,2962b69d-ba35-4667-84e0-f58ef2f0ce16,90e36652-1641-4e6d-9540-584ad91533eb,2025-01-27 18:37:06,c8e36c39-cfe7-4472-afe3-64642e8ba1c7,2025-01-27 18:37:06,897afb57-bb67-4588-bff1-a24e566a7692,2025-01-09 05:18:46,Chatbot,Kaylafort,IT Changes,Network Configuration,Around young board scene but few short several.,,1,3,1,Security Team,e6d9f996-3ba9-481c-b4bd-cd16e85a12b5,True,True,SMS,c5971ef8-dc91-4103-9457-0a9cda1a28e3,,Brown-Lewis,,Not Reproducible,579b3c52-ce4d-423b-9cd5-9d2ef9835c39,2025-03-11 20:26:26,2025-03-21 00:03:07,He standard cell computer. First recent cold really TV onto.
INC335241,New,False,5,0,10,False,c3eb3574-d719-43f4-80d4-cf70be2ddc16,7a531a90-8c0b-4617-8000-0f725ec28294,2025-03-02 08:05:01,ea176b87-a322-4ae7-b845-a9146e015d58,2025-03-02 08:05:01,6bd12384-3567-487b-b21a-321b4ff7a85e,2025-01-18 10:26:40,Chatbot,East Patrick,Banking Front Desk,Transaction Dispute,Picture more close set leader newspaper recent huge.,,2,1,1,Customer Support,e53fa657-d29f-4402-b55a-cce43946006d,False,True,SMS,,10666200-3fa4-4c32-ac9b-e05325565e45,,61606829-9509-4b4c-96f4-c8503e8c5cf8,Solved (Permanently),,,,
INC179217,On Hold,True,5,1,12,False,bea93a54-90b4-495e-9786-83c872a36fb3,c21ae86c-2aac-4ace-af1c-796f6bf82af8,2025-03-16 00:30:59,f3cf2d9f-5da8-4334-8894-18c479ce17c9,2025-03-16 00:30:59,3f2c03e2-6e43-4e52-93a9-77f14e96644b,2025-01-25 01:42:37,Phone,Torreschester,Banking Front Desk,Transaction Dispute,Sport develop up maybe she and.,,2,3,3,Branch Operations,6497f597-25f3-40b8-8439-a507b044dacb,True,False,Email,,e11c89ac-1179-4fd9-9d31-0e5718f74abc,Blanchard PLC,7e96cd7d-8e87-449d-8a71-8fd0bc7df420,Not Reproducible,,,,
INC242668,Cancelled,False,1,2,12,False,c5a84f62-237e-4dad-a5c7-b4e91c209a0f,6cb91d4b-1056-4481-ab52-7e85e4268df6,2025-01-04 10:50:20,143ae90c-218e-4386-91c9-f43c77cd4c8f,2025-01-04 10:50:20,7987e404-5bf7-4a40-a605-40ccc26ded97,2025-03-18 07:24:53,Chatbot,Patelside,Banking Front Desk,ATM Malfunction,Least floor fight take.,,1,1,3,Fraud Investigation,3e715f94-ca26-4769-8a64-bb8bd4e4a958,False,True,SMS,,96309a00-93f8-4cfd-90e3-2ce3251c2eef,,06752bf9-1142-4796-ad12-5d344db6c1ed,Cancelled,f75d4b99-0fe2-4dba-8d82-3afc5ec66a10,2025-01-29 15:33:36,2025-02-02 05:56:59,Show successful education itself inside impact. Speech partner away respond. Produce sport value education south while.
INC241643,Closed,False,2,0,9,True,efef8f2c-cae9-4d44-91ea-5ac0cacd2442,beff485e-94cc-4c4e-a347-746677395672,2025-01-31 15:22:42,aa36cbda-a950-43c0-969d-38552c700c2b,2025-01-31 15:22:42,e0469392-dc49-4ed8-9f5e-da72342e1174,2025-01-03 02:11:26,Self-Service,Sandraborough,Banking Front Desk,ATM Malfunction,Building affect leave value energy itself again.,,2,3,2,Customer Support,c6725843-c959-4b04-a292-9e461464456e,False,False,None,,,,9a84df8f-2537-4a2d-9747-0f47bdcc3033,Solved (Workaround),f46b57a9-63af-4c4e-b0cf-12445954ceda,2025-02-15 21:32:53,2025-03-11 22:37:03,Pressure director among through environment.
INC293467,On Hold,False,1,1,2,False,557f5acb-d02e-4a91-a0a5-eaafd6271cec,4d47c04c-b624-47de-9a96-f0075ea7b626,2025-02-15 05:15:46,2d21581c-ddb0-4ac3-bf68-728f7bd30090,2025-02-15 05:15:46,4fa6e0e8-9b46-4e19-a6cd-d38c865ffad3,2025-02-03 21:31:59,Self-Service,Jessicatown,IT Changes,Software Upgrade,Health difficult fear buy.,09f671ca-d211-4056-a526-1b35b18c1415,2,3,3,Network Operations,a8f15bae-094b-4d07-83c8-47da01be1136,False,False,Email,,,,,Cancelled,4bd9d567-2780-423e-93cd-78061008e669,2025-02-27 16:12:11,2025-03-07 04:38:40,Health yes sport fast. Measure likely but stop protect without.
INC100958,In Progress,True,0,2,7,False,814749d7-b405-4edb-a7e2-1fa64083eceb,632c65dc-d19f-4f24-b621-8dc355be63e0,2025-03-07 10:27:00,7de4d481-0f72-4bad-bf11-571b01344336,2025-03-07 10:27:00,c2882637-6135-4f2f-8265-cc3eaa2d8d1d,2025-01-15 05:56:53,Email,Vargasborough,Banking Front Desk,Transaction Dispute,Professional mention produce resource test and college.,,1,1,1,Fraud Investigation,5d8b9f5a-3070-472a-8a85-6bfa89b74008,True,False,Email,7cff01da-14e8-464a-951f-7881a41c85c2,e1106a52-cf0a-4838-a604-77b5b7485cf0,"Evans, Moss and Carson",,Solved (Workaround),,,,
INC278548,In Progress,True,2,1,12,False,b999d297-68b8-48ef-93ff-896f2ba532ad,ec51bad1-8231-4f9f-97b5-990245fa0a54,2025-01-27 16:19:07,f3f03233-b90a-4cbe-be4c-994475074237,2025-01-27 16:19:07,c6c4c4b6-e690-4218-be65-c93c178c2152,2025-02-13 07:29:20,Chatbot,New Aimeeside,Banking Front Desk,Loan Processing Delay,Thus provide five term likely available.,ddb08e3f-f59c-4445-b9dc-c6ccba3b4bd5,3,1,3,Fraud Investigation,d84a7f1b-7e69-4959-8d59-ccc977fdd48e,True,True,Push Notification,,,,ecbe51b6-368c-453a-869a-440f67879a13,Not Reproducible,3734e9be-e1b5-4ed4-9de4-9d68a975cb21,2025-03-09 07:20:17,2025-03-21 01:23:48,Daughter time measure goal animal even field. Quickly raise particular technology first carry method.
INC382199,Closed,True,4,2,15,False,3f644b15-ac13-42da-b010-6b520fd180c5,6531cb76-9218-46c1-a977-ef00ef5b8167,2025-02-26 02:19:52,459b7761-3505-48df-bd18-7ed861e29c1f,2025-02-26 02:19:52,ca2b376d-ba3a-424b-b218-b55f81b818b9,2025-02-01 15:49:03,Self-Service,Joshuaville,Banking Front Desk,Account Opening Issue,Everybody likely general cell.,,3,1,1,Fraud Investigation,fa2dd7a9-edda-43b5-b7b7-d87c5c29a8f4,True,True,Push Notification,,,Smith-Brown,92fef655-5747-4081-8120-1eab9e71ec1e,Solved (Workaround),,,,
INC972593,Awaiting User Info,False,5,0,12,True,6bf5918d-9d4e-4c82-9f57-3af42d8e253c,069a3ad5-4b6a-4094-a426-a4c62249e239,2025-02-15 12:09:36,5645fb73-e5f3-47e7-9123-56000d26e3b1,2025-02-15 12:09:36,a6b3989a-6d56-4019-b16d-f92b7053f8dd,2025-02-03 21:40:40,Self-Service,Mercerland,IT Changes,Network Configuration,Represent attack middle suffer dinner.,,3,2,3,Network Operations,e9ce8402-5add-4522-8941-b28caae48fa1,True,True,Email,,,Miranda and Sons,b446d906-6810-4770-a016-18e268fe4004,Not Reproducible,2ea4c2b1-f9ac-4443-912c-a7d7b071684f,2025-02-18 20:45:44,2025-03-16 22:50:38,Operation himself care. Report Democrat adult likely.
INC738192,Awaiting Vendor,True,4,0,1,True,0c0d218b-c89a-4bb1-9b99-88c8284ea22f,1b238ea8-c3d4-4218-98d0-27c26cfa7417,2025-03-13 00:08:03,2e75c623-aac3-4224-b441-f3055d298ac0,2025-03-13 00:08:03,0054054b-9d8f-4f2b-8444-c58e3ec690db,2025-03-18 16:58:49,Phone,Smithfurt,Banking Front Desk,Transaction Dispute,Nearly we list street represent of television.,,3,2,1,Fraud Investigation,e1c63ef1-9b54-4859-b56f-b619371e0e56,True,False,None,,757cf340-000b-4562-bb62-7f2178d6c416,,820fec41-391d-4a71-8bfb-7ef6119fdbed,Solved (Permanently),,,,
INC632191,Awaiting Vendor,False,1,2,2,False,119d3ff9-7690-48e4-b2d2-c4a01593733f,7542c36d-2e1e-4ff9-9c76-a6c5f4745f67,2025-01-24 22:20:33,113b83c4-3c2a-4dcd-a800-1b75d2c4530a,2025-01-24 22:20:33,5f49e4d7-fd5a-43d2-8c8e-03be78aeb831,2025-01-25 18:35:00,Self-Service,Edwardsmouth,IT Changes,Software Upgrade,Require do good room.,,3,1,2,Security Team,ad7a275b-34de-47c2-928c-fdf6dc615957,False,False,Push Notification,,,Johnson-Fields,550d3d08-7217-4ab0-a76c-9554061b0ec8,Cancelled,2d04da0c-126d-4499-823c-3632c68ca14c,2025-02-23 18:45:40,2025-03-15 12:04:57,Quite feeling project family picture party. Long drug fact the nation somebody us very.
INC801180,Resolved,False,3,3,6,True,497a4c1b-e802-428b-94fb-39928c8b757f,c4419b68-0c87-4ff6-b98c-84a46bb90957,2025-02-19 16:53:21,c916e164-5c70-49e0-82c5-de36812b2797,2025-02-19 16:53:21,5ec52cdc-1962-4164-bbb8-fa16a2b61a6a,2025-01-12 05:44:51,Self-Service,Herreraview,IT Changes,Software Upgrade,Employee economy always reflect guy person.,,3,2,1,Network Operations,670616f8-850f-42d8-8146-f252ecdea4e9,False,False,None,1e12dffa-5e2b-41ef-ad84-cfac25a480ea,,,a89d4bee-3bf5-470f-aace-a36acc074fa4,Solved (Permanently),f9078a16-7681-4b49-a451-40d64130a143,2025-03-06 18:53:19,2025-03-10 21:21:42,Foreign page positive. Camera election those. Food writer stand blood rise father.
INC534728,Awaiting User Info,False,4,3,1,True,31390954-1b52-4cbc-83f8-5ef2296e46e4,b00605d2-3e64-42b4-8431-15fb80030605,2025-02-11 07:26:51,a9a36bb1-1765-4df6-a643-7d39ffd099b2,2025-02-11 07:26:51,c796c580-6562-457d-910f-db9d14cb8432,2025-03-06 18:40:14,Phone,Port Stephenfort,Banking Front Desk,Loan Processing Delay,Audience voice market south low occur game.,,1,3,1,Branch Operations,d6adf116-040d-4e1a-bf02-ca5e6d48dfa2,False,False,Email,,,,,Solved (Permanently),95e5ce36-1e4c-4aea-ab85-d1152f43e709,2025-02-27 21:22:35,2025-03-18 02:17:06,Mission play condition realize order. Though science cover hotel real. We and off put decision culture learn.
INC209595,Resolved,False,5,3,15,True,92f27338-677c-4af0-b369-61675cb2b7d8,b2fe9848-5a0b-4cfe-aee1-f894f278950d,2025-03-12 19:57:15,bec86648-f902-4c83-a7ab-1f3875553680,2025-03-12 19:57:15,0762af04-ac64-4683-a707-012eaff3d311,2025-03-16 14:23:48,Phone,Lake Larry,Banking Front Desk,Loan Processing Delay,Daughter operation power could.,,1,1,3,Customer Support,d667a67a-ea83-4ebf-9e88-1a30400998ae,True,False,Push Notification,6d8fbe4b-b67c-445c-9fbf-5c53f25f7893,2c538f67-d031-4ef5-85ac-07c6ba0891c8,Turner PLC,,Solved (Permanently),6cf00550-d827-4c3e-bef6-292198eba16d,2025-03-17 03:17:36,2025-03-17 18:49:19,Data indicate rich three. Beyond order care theory. Radio drive water benefit machine. Career pattern close just single heart change authority.
INC926012,New,False,4,0,4,True,61010171-1be6-4738-a4c9-23064ca1d0d0,ed807624-9b0b-4a3d-9408-abb3981ce6f8,2025-03-16 13:39:36,a924fd88-5c88-4475-a620-405a77e9857a,2025-03-16 13:39:36,dfc133a5-dcd6-43b4-862d-9bb86b81f191,2025-03-10 05:38:17,Self-Service,Port Danielleview,IT Changes,Security Update,Billion father ability people.,910b33d7-27c1-4132-b498-0027e3bb01c0,2,1,2,Network Operations,68bbb139-cc17-44d7-8300-cf6f575d3da9,True,False,SMS,0ccd6207-741e-4e52-b7e0-1b5bb7dc4cb2,c8b61c87-e95a-431e-92ab-21cfb166f4a9,,,Cancelled,92452773-09c1-4cf1-8df1-91767586eedf,2025-03-16 19:50:36,2025-03-20 02:34:30,Technology instead similar raise. Wait available fill major bill. Glass special including force consider nor sort surface.
INC860660,Awaiting Vendor,False,0,2,6,True,9aeff607-6f62-4d0d-8634-7ee7a26362e6,9b212e32-c5a1-4bb4-9805-85f3fd1fc978,2025-02-21 12:12:27,b41de8fe-6fcc-425f-bfe4-2718d6d0f38c,2025-02-21 12:12:27,15e032a1-d1ca-425c-a120-237545ec5563,2025-02-05 16:16:48,Chatbot,Port Melanieton,IT Changes,Security Update,Main power military high same shake they.,685fc013-ae65-4be6-98e5-866b6bd04608,1,2,2,Security Team,02ff1144-1ea1-405a-9a25-9008c9e832ed,False,False,SMS,a7ee3005-816e-4097-83e2-dc75155a5889,d9897d12-a1fd-4685-b310-87c29f65c683,"Thomas, Campbell and Olsen",,Solved (Permanently),046f7582-da67-4dd5-a4a3-fd92928fa113,2025-03-13 18:48:34,2025-03-20 08:17:22,Worker environment garden both hear. Whatever since government person town. Team here message see beyond sea.
INC767071,In Progress,True,2,0,13,True,b0d32f7b-85ff-4f77-8084-45fe8558d1a8,5439d250-dd21-4710-b8cd-99aeaef6d927,2025-01-28 08:29:33,84d986d6-f76e-421f-b76b-4134e1d604a7,2025-01-28 08:29:33,5bd94d67-ffe3-4f00-8c40-29f96238d758,2025-01-14 04:56:27,Self-Service,Lake Markstad,Banking Front Desk,Account Opening Issue,Us morning happy various throw way throw.,2aa99107-203c-4869-ad62-11cc68a78b25,1,2,3,Branch Operations,25ffe983-e9fa-4ff7-9859-152203b5e7ff,False,False,Push Notification,58e7c985-1d0e-4afd-a144-f3e98027f4df,,Johnson LLC,3355914e-a436-48e1-87aa-678b8456a5f7,Solved (Workaround),7a044beb-4207-4370-bb48-90f01058bd2d,2025-01-28 22:44:43,2025-03-18 22:09:06,Test plant then. To best view offer start let since whole. Stuff executive not near letter economic.
INC635349,Closed,False,5,1,3,False,fcb7921f-cf6c-46d4-8a51-e726d10e834b,ce0ba303-b5bb-42d9-a079-565789dcd556,2025-03-12 16:48:48,a404aee4-dd7e-47b4-81b5-bff15af25934,2025-03-12 16:48:48,edea95e0-ae2c-4b83-bb50-924ac68967bd,2025-02-19 01:47:23,Self-Service,Sheppardside,Banking Front Desk,Loan Processing Delay,Talk subject in staff nation its seven.,06b0732b-df7c-4cd1-bcee-594b09a05e5a,3,2,3,Customer Support,19a262e4-8b8b-4d4a-8f23-14c3eb47adfe,False,False,Push Notification,,6deb7559-6f15-4472-8bc4-655fd87c0407,,b2f1239f-9236-4e2b-a30f-2644da41fd6c,Solved (Permanently),,,,
INC310676,Awaiting Vendor,True,0,1,4,True,d05a5086-356c-4abc-9d59-4fd6aba97117,39252388-aea1-46e4-b27d-be66a28ce9a9,2025-02-12 04:29:45,2ede0276-69cb-4252-8362-30ca71fb6e5c,2025-02-12 04:29:45,88341087-37cc-4644-b4a0-084cb6e0c23e,2025-01-24 20:30:32,Chatbot,Davisstad,Banking Front Desk,ATM Malfunction,Early be foreign glass anyone south leg.,8033fe65-15a7-4236-9daa-4e0b967248d9,1,2,3,Fraud Investigation,b4c5149a-8896-4717-af69-e23ee5cd0d6d,True,True,SMS,1242f4c0-7b45-4cd9-8960-c7660859bce4,d74da6b9-21fe-4713-ad03-afb84b950493,,,Solved (Permanently),,,,
INC509147,On Hold,False,4,2,13,True,aa249188-aa6b-49be-a417-94c3ae82978c,b75d775c-5086-4e5c-986d-4a434f69a3ef,2025-03-08 05:45:35,09ccf5c3-830a-45f5-ba4f-95827ee7910d,2025-03-08 05:45:35,47356cda-c584-4c37-bc2e-9a7fda62928b,2025-02-16 05:04:36,Phone,Lake Margaretfurt,IT Changes,Software Upgrade,Court bring give city avoid.,,3,1,3,Security Team,f965ce20-3624-4521-8671-a9db84e36ae3,False,True,Email,,b9b83228-7d42-4ce3-a3c2-e2cec90f26f1,,9e3755d7-7611-4e4e-967b-0a95f9796240,Solved (Permanently),12532220-ab2d-4fb0-a7d8-762a6b832896,2025-03-20 05:44:33,2025-03-20 23:40:55,Animal scientist woman large site arm. Resource reveal have her.
INC939291,Awaiting User Info,True,1,2,5,True,bee10171-a15f-43ab-97cf-f81bb0ca288d,7cb7e2a7-ca74-4fcb-a6d5-d5124bf474b6,2025-02-07 10:40:24,b223786f-a503-48d0-ad95-905934f97349,2025-02-07 10:40:24,e2816e5b-4bb6-4383-a0f7-cac485e1b96e,2025-02-11 20:46:07,Phone,West Wendyside,Banking Front Desk,ATM Malfunction,Turn page nation development western read consider.,,1,2,2,Branch Operations,cf4c9171-75a2-4fa2-8ffd-6ee3217d5f62,False,False,SMS,,625ce041-7f79-450b-beed-0ddc6027bd6a,Obrien LLC,,Cancelled,,,,
INC363251,On Hold,False,3,3,11,True,063e5fa6-8f38-47be-8236-45bc87808d52,8ec943b7-9282-42d5-943f-039db939b6a6,2025-01-26 03:42:22,ca2a82a1-a1c5-4b32-bfd5-20dbe49bda91,2025-01-26 03:42:22,8a810a27-3922-4309-bb72-a8f41cae68a7,2025-02-07 03:16:49,Phone,Jonesmouth,IT Changes,Software Upgrade,Example one federal very grow mean suggest.,,3,2,2,Security Team,76702a42-ebd0-4eba-a63e-9112f96c130a,False,False,None,,,,,Cancelled,15f74221-ea3a-4a79-8fe8-77a6f8d638e7,2025-01-30 16:01:23,2025-03-13 14:04:56,Summer reach participant industry behavior. Hear choose nor evidence chance concern billion. Board cell three technology side.
INC678231,In Progress,False,4,2,11,False,401cb7c9-38e0-42d0-bede-aee4b1c0f11c,7a81a094-9ecf-4e6e-b3d6-189c92c6279d,2025-03-14 19:29:35,69c18c68-505c-4fe0-9fc6-9cbe7d87aa29,2025-03-14 19:29:35,b2651bae-fec0-41b8-84c7-0dfa20426289,2025-01-14 20:01:59,Self-Service,Sullivanhaven,Banking Front Desk,Transaction Dispute,Bar site low current hair policy since.,,2,3,1,Branch Operations,cabe7244-64f2-4685-ba28-bfe1fec1ead7,True,True,None,,,"Cantu, Singleton and Holmes",ecbd0c0e-2e3b-4954-9b5a-cd65af0dc6f2,Solved (Workaround),,,,
INC104123,Closed,False,0,2,7,False,4fad5c23-1053-4205-a6da-fb1f5c269cf7,dda0a335-6d4f-4301-bd98-d459e6cf58c7,2025-01-08 22:53:09,c53c09f3-db99-41a9-9eb3-3cff8cfaf5c6,2025-01-08 22:53:09,538c275c-aa25-4f59-ad68-bee42ecb25bf,2025-01-31 10:34:23,Walk-in,East Gregory,Banking Front Desk,ATM Malfunction,System executive among win.,,1,1,2,Fraud Investigation,46111207-094f-4c36-b796-4ba74847ab84,True,True,SMS,,bb814e68-b8cb-4ad7-8cb4-8f9e9be79736,,,Solved (Permanently),,,,
INC367402,Closed,False,1,3,13,False,e74b84b7-f4d9-4aa8-80c5-26bda1c2c481,b7064dad-c6ba-4051-8059-6d922c650078,2025-01-26 23:43:00,50feb4cd-5293-4a47-a480-9956bf97cabe,2025-01-26 23:43:00,ded25001-9f52-43f7-8967-7ee06388c9ab,2025-02-21 03:21:46,Self-Service,Gibbsport,IT Changes,Security Update,Citizen him special experience.,90db05d0-ae29-4358-a364-d91ad3a80a7c,1,1,3,Security Team,3359656d-8014-4f2b-b789-b865a1fd7797,False,True,Email,,,"Stanley, Dunn and Parker",90c930be-c5a0-404a-b15f-2c7956e9b351,Solved (Workaround),,,,
INC100893,Awaiting User Info,False,5,2,11,False,cc41b6c3-d560-4b25-ab73-33a8a085ce43,967460ff-96d5-40e2-8fa8-e2215e885755,2025-02-22 10:07:43,ff4afddd-62f5-4bc6-a140-4bfe67aad00b,2025-02-22 10:07:43,92ebcd3f-066f-44f9-9a1b-4426939f6a74,2025-02-17 01:13:06,Chatbot,South Angelica,Banking Front Desk,Account Opening Issue,Opportunity doctor why PM middle western cultural.,,2,3,2,Branch Operations,0f43cd5b-fb03-4a5b-a58d-34592e508faf,True,False,Email,,50fb787e-06ed-47a3-b625-9001f8be7173,Williams Ltd,,Not Reproducible,,,,
INC469268,Closed,True,2,1,7,True,eda3f5d8-3c1d-450f-8f8d-196f9bd26325,fe263c04-8772-4054-8d25-a246eca732ba,2025-01-17 14:41:55,eeeafdc2-4f67-493c-96ae-c5cfc4cc489f,2025-01-17 14:41:55,37735633-748a-4612-95d0-5a7266b30ff1,2025-03-08 01:56:41,Walk-in,New Michaelfort,IT Changes,Patch Deployment,Item perhaps firm also level mission PM.,,2,2,2,Security Team,ddb3d8a5-2436-4311-bb9a-a2db0670f8ef,False,True,None,,d549bea0-5acc-4d31-b3bd-c61eae81e133,Mccullough LLC,,Not Reproducible,7817ac85-ac26-4003-a715-c72c98dfdeef,2025-02-11 13:45:17,2025-03-01 17:39:23,Scene wonder other certain agree TV program. Morning writer account. Enjoy amount car young.
INC200667,Resolved,False,1,2,3,True,637e3443-6272-4cbb-8c92-089fe74d9a85,137e5517-dbc7-4109-8c09-960ab7465747,2025-03-08 03:05:07,1db73c79-ae50-433e-b5d6-02b56409708d,2025-03-08 03:05:07,7a38ea7c-f390-4674-8876-b6a60de8910f,2025-02-21 07:38:35,Chatbot,New Richard,Banking Front Desk,Account Opening Issue,Friend visit today use because.,3bf14f4d-f903-4c61-b33a-21d08ce98559,1,3,3,Fraud Investigation,5caa4fda-3894-4156-8c38-aff0d556df3f,False,False,Push Notification,,0d144720-c9f5-485a-9871-30114a674f34,,8f556f98-511e-4c3f-9cb0-002a6f796c61,Cancelled,c7d8bc04-337c-416d-a432-1dfbfd99a5ba,2025-03-14 13:19:35,2025-03-16 10:47:50,Speak option low form tell daughter hot. Space rock air act for but. Respond since together share low still blood.
INC578373,In Progress,False,4,0,15,True,720b76dd-043a-474e-a92a-a7880331aff1,a9d681d6-6189-43a9-af2f-da1c0d3b7b73,2025-03-17 21:11:32,57978ebd-9de2-44f9-986e-f9048bad6dc2,2025-03-17 21:11:32,b10e919a-a64e-4bd1-a509-082260d6c7e5,2025-02-16 16:12:22,Chatbot,Colefort,IT Changes,Network Configuration,Information bad without north husband particularly baby.,77ab9cfe-c335-47c0-8923-64b0055ecbb7,1,3,1,IT Change Management,b45ad4b1-bf8d-4f83-9580-354679510234,True,True,None,,3e982b0f-3cf0-4bbc-adc8-daef1cbf2d9c,,,Solved (Workaround),aff16d58-aaad-4931-9286-92ef5658bd51,2025-03-19 15:15:56,2025-03-20 09:40:16,Serve return party alone pretty. Wide whom begin she work raise quite.
INC457489,Resolved,True,4,2,13,True,9e2c8d5e-355e-4826-9b2c-db4c78a48a52,8fa3f303-ffbb-4830-97b7-ae41c5670dd9,2025-01-11 06:50:58,fe603470-707d-4c90-8a1f-0e8acaf0b5fc,2025-01-11 06:50:58,870e3f6f-7be9-4003-9e8d-eaf4c7905754,2025-03-13 04:47:58,Chatbot,Floydberg,IT Changes,Security Update,Sit cell her season almost.,9bd6d476-6de8-4a9e-8721-500580651499,2,2,1,IT Change Management,66141cd0-14d3-41ce-bcbe-0fa9670d5407,False,True,None,,0cded02d-339b-4a9b-af30-7cbe9f275d95,Dixon-Cain,,Not Reproducible,,,,
INC579107,Closed,True,4,1,10,False,71f21963-d0ab-45d8-a40d-873f6dbcfb1a,b48d98c5-4c1a-4d8b-a7b7-fc17e9988e96,2025-02-24 21:38:49,80689ad5-a1b6-47dd-9c5b-9fc215b43eb3,2025-02-24 21:38:49,21b97d25-8c7a-4b20-be48-70f822bb2f62,2025-01-10 22:08:20,Phone,Ricardofurt,IT Changes,Network Configuration,Model kid exist remember feeling article.,f8000042-f9ae-4f0f-ba30-b16d664f125f,3,1,3,IT Change Management,56cc6225-8500-41e3-99bf-199e8e24b87c,True,False,Email,,,Schmitt Group,,Solved (Permanently),,,,
INC899909,Closed,True,3,0,5,False,4300f18d-c702-4917-b0a2-3caf369e2534,fa3ecc65-3a66-4ab0-96f8-50b9fb57a7d6,2025-02-14 10:01:03,0592255c-2025-4d0d-8755-882131b07046,2025-02-14 10:01:03,15b8d3ae-cabc-4c5d-9e85-c227ecd46fcb,2025-01-10 02:00:10,Chatbot,Port Henry,IT Changes,Software Upgrade,Wear drive style.,,1,2,1,IT Change Management,1b2991e7-18f5-451a-86b9-082562cdfcef,False,False,Email,,afe375b8-bb67-4230-b927-a8407e2c716f,,d0a63d42-ff40-4573-8a2b-bfaaa81807a4,Not Reproducible,c8db48b4-8bc0-42c7-9b0f-48da4d681899,2025-02-22 13:26:32,2025-03-20 18:33:08,Boy other Democrat best still wear. Herself interest partner. Popular coach try large thank. Same finish pull.
INC562409,Awaiting Vendor,True,3,0,7,True,8c6f2870-feae-4209-bcc0-f6f848248a18,d432ce96-5aba-4814-9312-0c310c0180f1,2025-01-14 05:22:58,c8dd62c9-472d-4ef4-b722-1b3249d97c33,2025-01-14 05:22:58,95862784-6e0a-4d89-ba45-941723a59f52,2025-01-08 23:11:18,Walk-in,Markfort,Banking Front Desk,Loan Processing Delay,Knowledge her similar real any even certainly.,159c9a46-6edb-46d5-b301-1df96770fb4f,2,1,1,Fraud Investigation,3edf5ab8-9f67-4a39-9852-5cf181aa4a6c,False,True,SMS,,,,,Cancelled,,,,
INC427645,New,False,2,0,8,True,1528a3c8-9277-4991-ad93-d00530ddb962,fdec919e-de1d-47ab-bf7a-c6a4d0594253,2025-01-24 22:37:46,4f6da312-df26-4039-b593-9370b57a595e,2025-01-24 22:37:46,1dbc73b6-efe5-4106-8687-74e0703f6974,2025-01-29 14:09:33,Walk-in,Georgeport,Banking Front Desk,Loan Processing Delay,Kid modern college two my.,,1,3,2,Customer Support,cc622ab0-6c85-455f-81cd-5c1ace12745b,True,True,SMS,,,Brown-Moore,66fbccb0-831c-405a-82db-063c3d37f568,Cancelled,,,,
INC335129,In Progress,True,0,3,6,False,a7a8bc24-01e0-4c41-9bfa-5bafeb5a2da7,2b567f20-8a0f-4e81-b878-ee77eb32f345,2025-03-17 14:14:19,5ba10073-5dda-493e-86bc-80da67cc85bd,2025-03-17 14:14:19,31f076ac-01bf-4812-9322-f8cc0f3cf56a,2025-03-07 03:23:50,Email,Russellfort,Banking Front Desk,Loan Processing Delay,Though street mind trouble teach eye and black.,,2,1,2,Branch Operations,0761cf57-055b-42d0-80bb-3f3510591b42,False,False,Email,,444460a4-5544-4d5d-8181-006558c9baa8,Nelson Inc,,Solved (Workaround),,,,
INC775553,Resolved,False,0,3,10,True,28702195-e708-4efc-897b-e7b8197c0082,a1f072d7-a0ed-4d68-96b0-5dfa65402ac7,2025-02-01 13:34:26,601dc54a-2501-4cc5-b18c-e4fbcd2ded5f,2025-02-01 13:34:26,2ea9c075-6f05-417e-a7f5-9363270869fc,2025-01-11 13:58:46,Phone,North Carrie,Banking Front Desk,ATM Malfunction,Participant bad little trade.,,2,3,2,Customer Support,0e65073b-440a-41db-9cbc-212e1b735449,True,False,Email,,,,,Solved (Permanently),,,,
INC119980,On Hold,True,2,2,7,False,a3671967-f5d8-4938-9ea1-d2bcf9a04a16,2373c8a3-ffc0-4c08-92c4-a88f16618bcd,2025-01-18 06:18:43,11f828fc-0f3b-472f-b16c-1bc22efa9821,2025-01-18 06:18:43,a08ad8de-b32e-4884-8328-ecba3a36321c,2025-01-12 00:55:35,Walk-in,West Christopher,IT Changes,Security Update,Very expect record expert here represent decide.,eb8b18d6-79ba-456f-8733-9842c79f032e,1,2,1,Network Operations,20f38c44-340a-49c7-924d-83ed0b986bbc,True,True,None,,c37520fd-be5f-4058-a3cc-ab3126eee992,,,Solved (Workaround),,,,
INC134312,Awaiting Vendor,False,5,1,2,False,32f44d8e-7c52-41e0-a605-4990db4e62de,70bddf05-9dec-4c3e-afe1-20c12a148d5c,2025-01-03 00:11:56,634f3dcc-0009-41b4-b98a-27549d43b1a3,2025-01-03 00:11:56,5d00e465-a270-448f-906e-b6bb94df3dd7,2025-01-18 23:17:40,Email,West Rachel,IT Changes,Security Update,Surface cause people avoid most stand.,,3,3,2,IT Change Management,fb46ba0f-91a4-47f5-8ebd-36c87e5b3563,True,True,Push Notification,,,"Rodriguez, Smith and Ruiz",477ad809-6db2-44bc-9b1a-e642667c80ea,Not Reproducible,,,,
INC788356,Closed,True,1,2,3,True,c8be7b33-0d89-4dbd-8321-938990137fb1,922cb1d5-65b4-42cb-8b45-eb8e8a6e3db3,2025-02-17 00:22:16,67410b5b-c530-4e1c-a9ac-0c16359bebad,2025-02-17 00:22:16,d71a92ac-fbed-461f-942b-63d676628faf,2025-02-01 23:29:30,Chatbot,South Michelleborough,IT Changes,Security Update,List community director form once attorney describe.,,3,1,2,Network Operations,63c18da2-8874-413e-9e29-7b00b7047acf,True,False,Email,1f1c527c-5495-450c-ab1b-016d8196373f,dfd9754a-d3fd-49a9-8930-7f16e6f64ff7,,,Solved (Workaround),1631d288-30b9-4252-a81d-d1ea55ebafef,2025-02-26 22:09:14,2025-02-27 20:45:00,Effect trip analysis they worry. Land specific rather various fall movement.
INC233870,On Hold,False,5,0,2,False,8002c82d-23f8-47e1-a5a1-1569c3825068,c3122aa7-01f2-4bd2-bc48-e449277b7d65,2025-02-11 03:48:54,5505d44a-2c87-4305-be88-d083dff12520,2025-02-11 03:48:54,9a9b6cff-492e-4ea5-85eb-e924e1ffedca,2025-01-17 23:49:01,Walk-in,South Christopher,Banking Front Desk,Transaction Dispute,Eight key argue hard.,,3,3,2,Fraud Investigation,8600857f-f320-48fe-80f7-772f034e6412,True,True,Email,a3049a89-5507-4116-8542-0fd8752331c7,87bcc96a-fa98-4f64-9742-c908946c4cee,Smith Inc,,Solved (Workaround),4171cb38-8059-492d-9042-9615b715e821,2025-03-01 13:14:47,2025-03-10 19:09:54,Process company position agent television yes. Next compare rather hotel though. Use develop form defense. Information picture order.
INC642044,Awaiting Vendor,True,4,1,1,True,43041ba0-069f-4683-b1aa-d9f3f04c5994,2e891c76-864c-4710-9cb1-0adebe315389,2025-01-30 20:39:27,0c610382-1d0a-442c-b2e1-774e10498edf,2025-01-30 20:39:27,9e2c2a84-a208-4ca2-b214-2ddaad60e5ba,2025-02-02 08:43:50,Chatbot,North Andreafort,Banking Front Desk,Transaction Dispute,Theory stuff production call.,4849923a-34e4-43a5-9cd1-481eaf68e753,3,2,3,Fraud Investigation,9ca31877-337e-4f47-af88-89266b10e33f,False,False,Push Notification,2f30dd9d-d1ca-49ef-8419-a268c0ec1626,,"Larson, Montoya and Hurley",,Solved (Permanently),9e84bb67-a4cb-4e4a-84ed-0483ece264f7,2025-02-26 05:59:14,2025-02-26 10:06:26,Piece attack result reason reduce opportunity. General my difference music foot teacher some. Citizen forget civil vote return.
INC590878,Awaiting Vendor,False,3,0,2,True,203b8c93-7cce-46c3-bbd0-4d5514b1a9e6,45e2340d-3d59-4b81-a24c-da826e4506c4,2025-03-02 12:12:15,7316c68c-5c86-4d47-b18e-4cba3a4ee74d,2025-03-02 12:12:15,1c62f4f2-98c2-417d-a470-846335459ede,2025-02-10 06:49:51,Walk-in,Port Benjaminmouth,IT Changes,Security Update,Way tough board police vote.,,1,1,3,Security Team,3695a504-66be-4eb9-a32a-61ceb0e1eb63,True,True,None,5b66d966-54ea-4a52-bf0c-8035490f38e1,c7745398-67a2-4e0a-85ee-e343d25cd410,Bailey-Gordon,0c2234ba-dce6-4055-ae70-f8a0d97f5464,Cancelled,d048530c-5b0c-4a0c-b0f7-aaebfe8fb526,2025-03-05 09:33:47,2025-03-06 04:24:59,Ground garden military effect today important technology. Apply big enter brother. Thousand responsibility nearly join.
INC687823,New,False,1,1,9,True,176163bf-204a-4328-ab25-87bfdeb056a0,9c196204-0af9-482b-a1c4-52da48c61ac0,2025-02-01 07:14:31,e72e65e2-a30a-40c4-a686-b7e5f1a45fb6,2025-02-01 07:14:31,0bc05468-21e8-43c1-8ecc-76e7876ada5f,2025-02-02 22:06:12,Email,Lake Tiffany,Banking Front Desk,Account Opening Issue,Until matter response total black nor we.,,2,2,1,Fraud Investigation,a009115b-eb80-4034-bf1f-b2ea8275a757,True,False,Push Notification,,,,4aded6b1-32b1-4a66-a038-d87ca9987d23,Cancelled,21667fce-41d4-4f00-b245-bf26fd96acd4,2025-02-06 00:26:37,2025-02-19 09:20:46,Fall positive everything big image.
INC828119,In Progress,False,1,2,7,True,01da3a9a-96f8-4126-9260-dfa1bf0873cb,a4595909-5997-4646-92f5-95d9f76fd622,2025-02-13 02:24:49,987a615b-aae7-4d4d-a636-e4ae32ea0875,2025-02-13 02:24:49,714c945d-de2a-4c6f-b656-0281371d79bb,2025-02-07 07:30:39,Self-Service,Kaylamouth,Banking Front Desk,Account Opening Issue,Themselves decide low he.,41ce3dde-c6ba-4e21-8df6-111b59f33fc6,1,2,2,Fraud Investigation,beb828f0-014a-442d-af93-b1583ea26e63,True,False,Email,81ebc0b9-53cc-41a2-a46f-1e6626afc0d1,,"Duarte, Morris and Humphrey",bd825c86-5387-4618-9320-003bc11f01a3,Solved (Permanently),,,,
INC514380,New,True,5,0,12,False,286bf1a3-e3f2-4c29-81c8-8be1b0336a22,984b2cf0-9d64-4325-bfb6-18b4d2b14a75,2025-03-05 02:24:23,50127c6e-6e07-4c05-9b9a-a657651f2ebe,2025-03-05 02:24:23,4ec09636-e37c-4fef-be8f-b55c12dcb7df,2025-01-19 23:54:32,Self-Service,Francobury,Banking Front Desk,Loan Processing Delay,Start high necessary decision break while when.,5fb39bd4-7bba-4c52-aff8-856102f45371,2,3,1,Customer Support,d3fed398-2b12-4134-bd4c-e2bdc399d062,True,True,Email,d4d39182-f413-4665-93e8-fe17199a3724,544728ab-cfe8-42b4-a2b5-dca5ca44ae93,,fa942876-c731-4ef4-9d3a-df071dd3766d,Solved (Workaround),fd6e5303-7362-4520-bada-ed398e4b7f30,2025-03-14 21:46:01,2025-03-16 15:23:24,Keep be during go tax organization manager. Western respond power stuff response alone. As fear father.
INC883566,Resolved,False,5,3,15,False,ce7b278d-8ebd-4b15-ab50-106d1857c5c2,2d87aad0-3eab-403f-9f58-b9e69f374f7b,2025-02-13 05:15:10,15a94a6d-7960-4775-bbd9-b35aea37d559,2025-02-13 05:15:10,7cf72d0c-b4c9-435a-a18e-23dd25ec0848,2025-03-03 18:35:37,Walk-in,North Jamesland,Banking Front Desk,Account Opening Issue,Pm station difficult this.,,3,3,1,Customer Support,df3cb4dd-d004-4517-9344-72eb27965c7d,True,True,SMS,,,,ce7b53aa-47b5-457a-a406-8d14f839fd77,Not Reproducible,,,,
INC543291,Cancelled,False,5,1,13,True,5f9f71ea-70ed-478a-8dc2-d343fe3e0804,0d471cb5-7a98-4317-a2fc-63f682c25c83,2025-01-11 08:02:19,a540dc6a-c0ee-486a-8a46-9a72e2c8f9e1,2025-01-11 08:02:19,745795be-8ccc-454d-9736-ccb86f3e9e04,2025-02-09 18:25:49,Walk-in,Mckenzieport,IT Changes,Security Update,True contain wear.,d8ef8b47-19e5-439b-84fe-95421128c905,2,2,1,Network Operations,c24d9d79-c4de-410f-bf7a-77c0025415b7,True,True,Push Notification,,,Bailey PLC,,Solved (Workaround),fa07a160-3169-419b-994a-864eb9d609ca,2025-01-28 11:15:45,2025-03-18 17:03:35,Meet perform fund head choose simply. Enough seem yes crime mention day poor. Seem story report my large after blue.
INC621701,Closed,False,1,2,14,True,37da1218-9902-42da-b38e-af89b2bcd246,48e05313-1fc4-4147-9792-0703d1a34e3e,2025-01-31 04:23:33,afc5d85d-033a-49bf-b67d-71eaa2de2a79,2025-01-31 04:23:33,a8980775-d318-4ef8-8b04-33f37d7113c3,2025-02-07 14:39:53,Chatbot,South Stacey,IT Changes,Software Upgrade,Improve recognize gas section.,,1,2,2,Security Team,7915e1e7-0a3f-40b2-a6a9-c192441c088d,False,True,None,,caba4f4f-e02e-4f84-90b0-7fae264fdc5d,,,Solved (Workaround),0cb17b82-bc53-4535-a5cc-56ce5c8dba22,2025-02-23 19:20:00,2025-03-20 05:51:46,Effect deep history message thousand event total.
INC813628,Cancelled,True,2,3,2,False,7cc4844b-c40c-4175-9ddf-cb64ce34dbd2,07324ac2-1a17-44eb-8fff-365bf9939d65,2025-02-17 13:20:12,308d4ae5-8174-411f-abc3-a73c0f4df468,2025-02-17 13:20:12,cbdd40e0-9eea-4614-a2b2-01f66f296919,2025-02-15 03:38:53,Chatbot,Zimmermanstad,Banking Front Desk,Loan Processing Delay,Such member event ok just.,,1,1,2,Fraud Investigation,de79206c-3d6f-4093-b62f-b3132466f2cd,False,False,Email,d95851ce-5170-4be9-a263-af09f2a05de4,,Jensen Ltd,,Solved (Permanently),d8b1b9f1-2366-4eac-999d-3ed090908c92,2025-03-11 11:49:49,2025-03-16 00:58:20,Weight economy prevent serious collection them. Party evening capital TV reduce value suggest. Entire modern white.
INC210742,Cancelled,True,1,0,13,True,1423c40c-0e83-4126-b793-22e47cf4ee08,4d688146-a064-4897-88d9-13f441097470,2025-03-20 16:11:52,245d6270-54b3-4f03-954c-7627a3c7e549,2025-03-20 16:11:52,cf12e2f0-0685-4de8-b2fc-c60043af2e33,2025-02-26 21:26:34,Email,Jonathanborough,IT Changes,Patch Deployment,Start paper natural share.,,3,1,1,Security Team,a6a8f694-2bc6-460a-9827-a306ccdc6ecc,True,False,Email,4869f100-7a0e-494d-94bc-5b6c7eba056f,06dedcc5-e4a7-4ee9-9a29-3b9219ff094f,,,Not Reproducible,d702e5ca-b85f-44e9-9874-77a18673e0d5,2025-03-21 06:56:07,2025-03-21 08:43:19,Study entire cover bag hear me. Ball stuff off American. Power how sit television.
INC146492,Cancelled,True,2,2,7,False,af2393ba-cd05-4415-b4ac-e43f88f09768,8ec977a7-347e-4661-9951-3d8eea2ad519,2025-02-14 13:07:27,f68d5cf5-0aab-4650-ac6e-5ce9249d054c,2025-02-14 13:07:27,2c03e161-1f2c-4136-af6b-9df99e8a1be7,2025-02-01 10:56:19,Email,Port Saraton,Banking Front Desk,Loan Processing Delay,Theory hot certain particularly western late week.,,2,1,3,Fraud Investigation,cbb9f8dd-3fb8-4ca9-acad-6dfc70660a8a,True,False,Push Notification,,,Houston Ltd,1490ecaf-163d-4b1a-af73-ff2b73c7229b,Solved (Permanently),,,,
INC755133,New,False,2,1,6,True,5cbbcdc1-a588-4567-8394-f5cd398f108e,5f73cca9-c6ec-4590-af7b-98901a5e94a2,2025-01-27 03:56:24,bab65221-b20a-4ac4-8a1b-b7d533e4a563,2025-01-27 03:56:24,9fcf2d0d-f433-4c53-9b35-7a7e774f9583,2025-03-08 09:06:11,Email,Nobleville,IT Changes,Patch Deployment,Term condition maybe may whole.,dfb0565d-882d-4059-98cc-57496f1a6093,1,2,3,Network Operations,9b61a279-5dbd-40bf-92a5-7cb84b7a7844,True,True,None,,394c506e-c3f5-42b2-b4fa-d1836908ff1b,Martinez PLC,18101ac7-3d64-4d57-8c99-0bdadd2a78da,Solved (Permanently),b08732b1-c94f-4f08-bcb8-35ecf9511c84,2025-01-31 17:23:02,2025-02-02 18:11:13,There situation cost modern Mrs group.
INC157997,Resolved,False,1,3,11,True,891c0500-b439-4665-9502-f5f7d167ff43,b642f66d-38b8-46e7-9287-a8c6f58f316d,2025-03-04 11:18:03,275147f4-8638-46ff-a406-62d45094cb55,2025-03-04 11:18:03,97d36c0c-6a6a-422b-9fc2-7e15db367f28,2025-03-19 01:17:23,Phone,New Christopher,IT Changes,Software Upgrade,Left stop specific.,319babf1-613e-4ce9-a506-cb0db035bb63,2,2,2,Network Operations,19a681ac-192a-4116-9239-0e9206b25b63,False,False,Email,475d6720-4ea5-44b6-a7d0-ef7cee28af7d,1a95e391-7b21-4353-9cba-4f3bdd17f4f6,Merritt and Sons,310fee31-4109-4c94-bd5a-bcc49c71424b,Solved (Permanently),,,,
INC531170,In Progress,True,1,0,15,True,cfcd11d9-01d7-4056-beec-e1184f95a3e5,569cce49-a74e-44a0-88ec-677a8ec9b1b8,2025-02-22 13:02:58,8dcea0ef-a573-4120-b86a-cc12c477e9f9,2025-02-22 13:02:58,1c403ad5-26ab-4c25-a194-f814e0fe7d9c,2025-03-04 02:26:11,Walk-in,Lake Josephside,Banking Front Desk,Account Opening Issue,Small sister many enough garden.,e01b4837-7e17-40f6-8dbd-cea1c59fd4d0,3,1,3,Branch Operations,0f470d6d-d3ea-4a20-a119-dbfae5ec3119,True,False,Email,,,,185d3006-39c0-4546-8da9-855266bba910,Solved (Permanently),b0507415-ecba-400a-98fd-56a7bf1c57ee,2025-03-18 19:06:18,2025-03-19 06:11:39,Technology so central movie. Whether wish impact both practice travel theory.
INC333762,Awaiting User Info,True,4,1,13,True,ad9bf33e-4d44-4730-a692-2e443e48184f,584531d1-9089-4c62-9137-952ae12cdc29,2025-01-13 02:42:39,532e66a1-4a44-4a74-9428-6389fc4c0041,2025-01-13 02:42:39,584c5c0d-5528-415e-bf5a-aa238d5fa50a,2025-02-21 14:16:23,Email,Lake Ashleybury,IT Changes,Security Update,Stay sea herself decide Congress.,7aba9f15-dbbb-48a2-86b1-6544c10ac33c,3,1,2,IT Change Management,cfb53c5a-1ede-45af-9f12-c5974d821f13,True,False,Push Notification,92b972d7-1810-4ab4-95c4-bb24ce16f73c,7245a7c5-1591-4ff8-8755-6c163bcfcdb4,"Spencer, Maldonado and Franklin",,Cancelled,1044261b-e018-431e-b7d3-ca5f35ec599c,2025-03-11 09:12:17,2025-03-12 03:45:48,Attention improve property church. Cultural environment explain.
INC924862,Awaiting User Info,True,0,3,3,False,70f1e339-de6a-4dd7-b700-e645e4410c36,0f94f141-58f4-49fe-bae0-f4a6bb48eede,2025-02-26 10:14:10,cb6f4026-9bb2-42a7-872c-2dde53c047a1,2025-02-26 10:14:10,411c2461-c30c-4dbd-8af8-20ad62ddcaa1,2025-01-17 16:57:51,Chatbot,New Michael,Banking Front Desk,Loan Processing Delay,College drug impact food he example.,,2,1,2,Customer Support,5202721c-7713-4c6e-a915-b8ec62be7fce,True,False,SMS,95c1def7-d077-4e98-8d8c-63617e012cac,c8e93a38-5844-4bc3-87b9-53061ae97faf,,eccfc9df-48e8-452a-9fab-35e5293bbe80,Solved (Workaround),,,,
INC920487,Closed,False,4,1,13,True,5d551c51-28ca-41be-a010-d27e3cdadba9,17f07297-4c06-4170-8f16-a3bb3373452a,2025-02-13 01:55:07,4a94b12a-c63e-44f3-8217-1da974c571c4,2025-02-13 01:55:07,b2215cd0-2e56-45a3-a10d-865c1a7c7580,2025-02-15 01:07:47,Self-Service,Carolynside,IT Changes,Patch Deployment,To must off trip vote try.,10d45f36-c4a1-4721-8334-acd14700c6a1,3,3,3,Network Operations,9551f3a7-0c47-4a02-adc7-f1a591a8f7c9,False,True,Email,bf95feb9-d808-4fc2-a13c-043a5734c6e3,,Chen Ltd,0de12809-9bcd-4eb9-a3ed-957945fd7c2c,Cancelled,7e34fcf7-f11d-482b-a60d-fb90cb796dfc,2025-02-26 18:44:09,2025-03-04 17:43:44,Always same really model. Relationship ground fine. Wide radio eight. Although score pressure campaign great accept your least.
INC546472,In Progress,True,2,0,13,True,cc8453c5-7b2d-4be0-a339-e25979f0f150,0949c8a5-f4f0-4fc7-9e47-b6bf2802a915,2025-02-11 19:54:55,1aa2fb48-94e3-4574-808a-2ccd8daef34a,2025-02-11 19:54:55,35920bb6-79c3-4ce6-b572-84fed7ea6e95,2025-01-18 00:27:57,Walk-in,Kennethland,Banking Front Desk,Transaction Dispute,Whether consumer stand popular quite support why.,4f958c9a-7660-4ba3-a08a-ee65db342c3a,1,1,2,Fraud Investigation,37cd6509-bbd5-4ec6-8374-056c0856e27b,True,False,SMS,,cf73a12b-69e2-48ce-a497-ec884938d4c1,"Zamora, Carson and Christensen",646a07f0-f37b-463f-a559-4525078cbedb,Solved (Workaround),88cfee77-abc9-4c29-b5a6-a898b4de7437,2025-02-22 15:36:25,2025-03-14 00:39:37,At face bar their grow bit.
INC349424,Cancelled,True,5,1,4,True,59261d71-11ed-442f-a886-15bb44323ae7,b23546f4-cb74-4b1c-97d9-12fc3e537b63,2025-01-16 20:43:02,2ce755bf-7fa8-42bb-b77f-9257a59aca44,2025-01-16 20:43:02,043df7e4-271f-4761-8628-0acc0ed675b2,2025-03-15 13:29:58,Email,Fletcherchester,Banking Front Desk,ATM Malfunction,South moment idea two land why.,,3,1,3,Customer Support,abb124be-481d-4e0b-bb0d-2b96d8a673ee,False,True,Push Notification,fc9ec11a-7fcf-493a-a12f-f98d7ac60dd3,708ce086-4325-40cf-a7e6-c3a794b88885,Fuller Inc,,Solved (Workaround),,,,
INC431236,Cancelled,False,5,2,1,True,648a7987-ee46-4413-b105-cea79aef7b12,4057f144-8991-431f-932e-44d9c45d6e16,2025-02-04 06:48:09,cadca45a-ab95-4ce6-b79f-fbbc99f2d4ce,2025-02-04 06:48:09,dbba17d0-cf69-4a0d-b6ac-3078dfdb4d16,2025-01-10 15:59:24,Email,Smithberg,Banking Front Desk,Loan Processing Delay,Point blood so quite bed right environment.,e1258574-d477-4448-ad18-02f42bfad095,3,3,2,Fraud Investigation,d89fc9f6-d8ac-4d59-9db6-f0aac504b79a,True,True,Email,,,,022cea9f-d805-46fa-bbe3-26d7cbe04ee9,Cancelled,,,,
INC669702,Cancelled,True,3,0,14,False,70cbddea-77eb-47ad-a3f0-4236d92babcd,2c3a33d6-0e02-4c0d-8b72-83e692451385,2025-02-13 15:36:15,6858d81c-1395-43b6-8378-9b44289d72c8,2025-02-13 15:36:15,fcabac79-9dcb-46ee-ae8c-93fccb07f386,2025-03-17 15:28:27,Email,Lake Raymondhaven,IT Changes,Patch Deployment,Office second Congress example.,068ffb8a-8119-4e07-a597-bd80ab291522,1,3,2,IT Change Management,4ef50d83-eb8d-4347-8eaf-d6ac17ce9629,False,True,SMS,,4d5a120c-ff3d-47f6-951b-8203cd471951,,62d327e8-5d45-446e-b78f-7a03b7c60548,Solved (Permanently),cb97984f-168d-45eb-bdf4-c250203b3120,2025-03-09 21:53:50,2025-03-19 09:34:11,Right life manage build news. Painting mission check management letter see group.
INC783734,New,False,4,2,4,False,eda666f5-1b07-4325-a030-72a2aa903bb8,0069ccba-f2ae-4f58-bc2a-c250463c89ca,2025-01-06 08:16:35,f171c267-d65f-48e7-8db3-b71f3eb6efc8,2025-01-06 08:16:35,df0114b4-48bf-4614-993d-bf72f5ef28a7,2025-01-27 21:17:35,Chatbot,Bradborough,Banking Front Desk,Transaction Dispute,Recent I matter past.,,3,2,3,Customer Support,8e94da3c-066b-4c0f-b547-cc40a45975fc,True,True,Email,fc53f1b6-37f9-456f-ade4-e00d5e1c15ee,,"Ward, Rush and Martin",25ec8fdc-9082-461d-849f-e14d9f63da59,Cancelled,5bd62c36-5259-4066-a8a7-9d2bd4d32b5b,2025-02-27 06:13:07,2025-03-16 06:51:16,Of or door worker five throughout case. Compare member effect each project then.
INC600012,Awaiting User Info,False,4,2,8,True,75f315da-8296-4c29-8a52-a223592877d7,1b98bd99-92a1-4227-9163-4641a045dc7d,2025-01-22 15:27:31,912c8e92-314e-4097-bf08-d6197a45346c,2025-01-22 15:27:31,a532a63f-06f1-4926-94bd-bb276c1a025c,2025-03-04 06:32:19,Phone,East Dominiquehaven,Banking Front Desk,ATM Malfunction,Stop admit south old long thousand matter.,ab385345-80eb-4ed2-ae97-79aaca1e947d,1,1,3,Branch Operations,85f0adb8-a871-4ba1-946d-b4e19a9fc4ab,True,False,None,c002ea6a-b634-4af3-868b-58dff628bc9a,,"Bell, Townsend and Hunt",,Cancelled,3863efc8-255d-43f7-9b7a-a1c396a07013,2025-02-01 06:25:03,2025-03-09 21:37:44,True dinner be light exactly. Room those reveal rock reveal. Put usually newspaper fast process writer recent.
INC882587,Awaiting User Info,False,5,3,10,True,46a76293-b4b3-4991-a116-2596d568ff87,a9da4089-4d15-4233-9c21-349dc904b036,2025-02-11 18:19:57,b761def5-635d-4f7a-bb98-d2f62fc4bcee,2025-02-11 18:19:57,cf66d63c-77fa-4ced-a145-94796379b05d,2025-01-14 13:56:14,Phone,Lake Vanessahaven,Banking Front Desk,Loan Processing Delay,Yes body tell would nice.,,3,3,2,Fraud Investigation,1e582785-6ea6-45c8-823d-cef287f9f20a,False,True,SMS,,86c08eaa-ffe6-4c2b-b568-05edf7bbe56e,,5c2dd4fe-45a0-469e-90ce-c187cfdc263e,Not Reproducible,,,,
INC610917,New,False,0,1,7,False,7142ba5b-ebb3-445e-8478-be904239c8fe,76c7a8d0-3ed8-47c6-973c-749d9527ae3a,2025-02-17 00:25:32,9356b9b7-7707-47c0-b3f7-69473edb65be,2025-02-17 00:25:32,dfb04e72-0e72-4fe9-89e9-b2b9725c3059,2025-02-28 04:25:48,Chatbot,Lake Scottport,Banking Front Desk,Transaction Dispute,Bad total again.,7832580c-aacd-48b1-a028-1b464b68b56c,3,3,3,Branch Operations,806e45fa-47b9-4c6e-ac08-a3a940350ad9,False,True,None,16700079-45d2-4293-9b49-6c8cfcfcfc6d,,"Gonzalez, Washington and Moore",,Not Reproducible,94c9c990-c348-4c40-89ef-7a65ab5bfb2a,2025-02-17 13:29:22,2025-02-24 10:31:44,Ever until yeah whom newspaper indeed. White including science.
INC198853,New,True,1,3,8,True,8fb9833d-d9fc-4a8a-a706-ab4660f4d7bd,602d0da1-0548-4e87-85b7-ccc8b9ad2e4b,2025-01-10 06:55:31,e08e0a75-ace9-4880-abde-cdef2679a675,2025-01-10 06:55:31,9e004281-8523-4ed1-85f1-2c4e61d76b04,2025-01-08 02:02:23,Self-Service,Jasonmouth,IT Changes,Patch Deployment,Whole move onto want true audience house street.,10c77a35-4a0a-46f5-91fc-7d0e95d3f033,1,1,2,Security Team,b91994c7-5bec-4ef9-a0ff-a992f742d1b1,False,True,None,6fb3aa5a-69ea-455b-b51a-3dce31470755,,Burke Group,9960346b-2136-4193-8223-2fdfe113971e,Solved (Workaround),31d99343-df13-4b39-a60c-77560dc78f96,2025-02-20 08:48:59,2025-02-25 02:05:54,Program sense seek article television forget deal. Senior process wall perform probably. Wait cultural me feel interesting some.
INC732281,Resolved,True,2,0,11,True,849e9105-c665-411a-9306-592cfea9256e,dd9c589e-df08-4f2e-ad31-0bbd71753cc0,2025-02-28 14:41:04,792a3a97-0872-44a6-968e-cd992a8ad18f,2025-02-28 14:41:04,0d9bfdf1-ca83-4ec7-8794-74e7840a88ca,2025-02-15 08:40:37,Email,New Maryland,IT Changes,Security Update,True key themselves picture peace home reason.,,1,2,3,IT Change Management,70ab6c2a-c016-4c99-bfb0-55d25eb366df,True,True,SMS,37a281a2-4aef-44fc-a9a2-9e1856697d93,,"Cooper, Cowan and Brooks",afd976ea-c8fe-43dc-98ca-a70bc1241464,Solved (Permanently),,,,
INC938865,On Hold,False,5,2,12,False,c02f3075-2f5c-4875-9422-96908318ed93,c48cda04-e77f-4ceb-aa8e-0997d89b13f3,2025-01-09 14:16:03,8d1ab08b-b2f7-4448-a5b3-58b9c67f3401,2025-01-09 14:16:03,46b24403-9b93-4f7c-9840-178ce4a37b96,2025-02-22 17:52:29,Chatbot,South Jamesberg,IT Changes,Patch Deployment,Central fear wonder suggest foot.,64c9c223-be12-4c94-8638-61985a7794af,1,2,2,Security Team,b82d8ddb-05fa-49dc-9589-94ea08f83bd0,True,True,SMS,,0b171e4e-817a-4e82-a899-083455f9014f,"Huff, Johnson and Jackson",3ea07446-5c88-4377-8893-9ec182f361e7,Cancelled,,,,
INC101781,On Hold,False,2,2,14,True,dcb62494-bae3-4d48-be3a-38d455598fc5,a28590cc-cbe5-4206-a7ff-c64ed2e9a5eb,2025-01-17 14:48:01,56366ef0-0fc0-41fc-9138-c9d37b42b0e3,2025-01-17 14:48:01,4919a00e-550b-4c51-9cd8-3763f3f551ab,2025-02-14 07:14:07,Self-Service,Harpermouth,Banking Front Desk,Transaction Dispute,It name guy hot.,5a4127f3-045f-4812-8f55-be6e7ceee03c,2,3,3,Branch Operations,0fd4779c-6841-4f1f-8bfc-e03dabaf9d3d,False,False,SMS,e6be55d8-8dff-4301-ac7d-e3d3b7747bdd,,,141d5735-78b6-4e59-8763-ad5fa63ae98f,Solved (Permanently),fb64bf31-d4ae-40ba-8efb-0e93b986d25e,2025-02-02 13:15:43,2025-02-23 18:24:35,Information total blue sort. Drive before maybe throw pay speech. Matter early city fear budget discover.
INC996613,Awaiting Vendor,False,1,2,14,False,0477c908-7157-4f51-86f1-b7325c04a8a0,83f81453-bb76-4bc0-9447-e03e71aa75a7,2025-02-28 00:03:49,36e7eb57-09bf-4236-9d12-9935aef0f881,2025-02-28 00:03:49,0222aa2d-33c1-414b-9ea3-bc2cc7a2751f,2025-02-24 04:22:05,Self-Service,Janettown,IT Changes,Patch Deployment,Example wind out political loss writer detail.,dafa9abf-5f94-4bf3-b91f-43931286e156,1,2,2,IT Change Management,74eb197c-f6f2-4b49-aa08-a272d3f1f05e,False,False,None,4cd107ac-8b4e-411a-9013-f6ef0aca0920,7de58d3e-a5db-4508-9faa-a206d7b1afeb,,,Solved (Workaround),e461e851-5636-4cb6-b258-ec23bf1188d1,2025-03-16 16:57:27,2025-03-19 01:35:49,Itself continue involve or character get claim. Performance our TV guy note film thing kitchen. To suddenly health inside.
INC298090,Awaiting User Info,False,1,2,15,True,7961f89d-7691-4178-bdd5-6d597deb69ec,cb74c0c6-db24-4b6e-81b4-25a6a1a2b00b,2025-02-15 04:39:28,2ec7c8b5-d807-4654-bd87-9b2947daaf9d,2025-02-15 04:39:28,22c27b05-57b7-423a-8759-7436e6a76c9d,2025-03-04 15:36:10,Chatbot,Huffmanstad,Banking Front Desk,Account Opening Issue,Environment present yeah think try lose language food.,,2,3,1,Branch Operations,b9c49317-deed-4a48-9e11-1514dcd0ae5e,True,False,None,,,,f8f321dd-aa4d-45d7-968b-059435449f4c,Solved (Workaround),bd605e69-6f86-4d54-946c-c9b1a3bba9fd,2025-03-04 14:51:31,2025-03-06 20:49:32,Entire effort also party. Model major partner. Drug particularly weight exist occur. Occur theory participant leader.
INC444251,Closed,True,0,1,15,False,c932f3aa-3935-475f-ae0d-b5e9b4b6ffc9,26634210-0dc8-4cc2-9094-5d2b4815783d,2025-01-30 18:03:28,79492154-4e00-45cd-a35a-fdcbabb7be18,2025-01-30 18:03:28,1ab33d85-0197-4ad6-b308-0bf7d43ecb44,2025-02-19 21:53:17,Chatbot,Brandonville,Banking Front Desk,Loan Processing Delay,Group wind either account picture.,,3,2,2,Customer Support,0d583225-63be-4bcd-8c4b-79bea8f65c89,False,True,SMS,,d0b2c63b-320d-4df5-972e-19c86aa3930d,,,Cancelled,bc9cade6-4167-45eb-9da3-29088f2cbf42,2025-03-16 05:24:14,2025-03-16 23:02:22,Believe yard program safe rule police site. Religious large sure reality at opportunity technology. Will life similar less rate fear today. Economic year family say.
INC726430,Closed,False,4,2,14,False,8131e524-3c0b-43ea-a374-fdf016340b9f,afe3365e-291b-4494-bc9e-5e69318a7fcb,2025-01-30 16:21:26,a48ce9ee-ce4b-495d-8b5a-cf2b3e30d2c9,2025-01-30 16:21:26,4412e911-50da-4fba-a1a2-139ba527d507,2025-01-29 21:59:04,Phone,New Rebeccafort,IT Changes,Patch Deployment,Adult attorney tax treat accept check television save.,,3,2,2,Security Team,d800e50a-7274-4629-af7b-061c3419c5b2,False,False,Push Notification,a3ac19b7-1f33-4cef-b0a2-615fa2fe478e,,"Matthews, Kelly and Williamson",,Cancelled,,,,
